Day,Project,sum of Raw Hours,sum of Machine Hours
20/01/2021,lz,14.78444444,2014.388889
21/01/2021,lz,85.07305556,11910.22778
22/01/2021,lz,22.15305556,3101.427778
25/01/2021,lz,29.83944444,3862.005556
26/01/2021,lz,15.96944444,2235.722222
30/01/2021,lz,6.315,884.1
31/01/2021,lz,19.58722222,2742.211111
01/02/2021,lz,44.94611111,6292.455556
02/02/2021,lz,23.66305556,3312.827778
03/02/2021,lz,9.3425,1307.95
04/02/2021,lz,13.98972222,1784.427778
05/02/2021,lz,18.58055556,1901.427778
06/02/2021,lz,18.99194444,1519.355556
07/02/2021,lz,5.837222222,817.2111111
08/02/2021,lz,0.276388889,38.69444444
09/02/2021,lz,5.032222222,402.5777778
10/02/2021,lz,25.30444444,2404.322222
18/02/2021,lz,0.888333333,124.3666667
19/02/2021,lz,14.3625,1380.216667
22/02/2021,lz,14.56694444,1325.655556
23/02/2021,lz,20.14472222,2273.644444
24/02/2021,lz,35.51194444,4971.672222
25/02/2021,lz,52.63833333,7369.366667
26/02/2021,lz,59.87111111,8381.955556
27/02/2021,lz,40.15888889,5601.027778
28/02/2021,lz,12.55277778,1757.388889
01/03/2021,lz,16.36083333,2290.516667
02/03/2021,lz,16.05694444,1378.138889
03/03/2021,lz,28.13638889,2406.544444
04/03/2021,lz,12.08027778,1691.238889
05/03/2021,lz,27.09944444,2584.688889
06/03/2021,lz,16.11583333,2256.216667
07/03/2021,lz,50.69222222,7096.911111
08/03/2021,lz,105.0502778,14707.03889
09/03/2021,lz,29.0025,4050.616667
10/03/2021,lz,24.38527778,3413.938889
11/03/2021,lz,34.58694444,4842.172222
12/03/2021,lz,74.34333333,10408.06917
13/03/2021,lz,22.59666667,3163.533333
14/03/2021,lz,43.86611111,6141.255556
15/03/2021,lz,60.36694444,8451.363611
16/03/2021,lz,59.50055556,8330.077778
17/03/2021,lz,1.869722222,261.7611111
18/03/2021,lz,116.7447222,16344.26111
19/03/2021,lz,103.3558333,14469.81667
20/03/2021,lz,126.0891667,17652.48333
21/03/2021,lz,89.77666667,12568.73333
22/03/2021,lz,90.22388889,12631.34444
23/03/2021,lz,138.8780556,19442.92778
24/03/2021,lz,77.5025,10850.35
25/03/2021,lz,64.65694444,9051.972222
26/03/2021,lz,62.76083333,8786.516667
27/03/2021,lz,4.27,597.8
29/03/2021,lz,165.9413889,23231.79444
30/03/2021,lz,285.8805556,40023.27778
31/03/2021,lz,218.1180556,30536.52778
01/04/2021,lz,209.7672222,29367.41111
02/04/2021,lz,58.1525,8141.35
03/04/2021,lz,68.41138889,9577.594444
04/04/2021,lz,17.61833333,2466.566667
05/04/2021,lz,85.81777778,12014.48889
07/04/2021,lz,5.651111111,791.1555556
08/04/2021,lz,202.3102778,28323.43889
09/04/2021,lz,47.98527778,6717.938889
10/04/2021,lz,82.47583333,11546.61667
11/04/2021,lz,64.02916667,8964.083333
12/04/2021,lz,38.06305556,5328.827778
13/04/2021,lz,28.69083333,4016.716667
14/04/2021,lz,95.515,13372.1
15/04/2021,lz,205.4930556,28769.02778
16/04/2021,lz,61.19611111,8567.455556
17/04/2021,lz,62.49027778,8748.638889
18/04/2021,lz,38.08194444,5331.472222
19/04/2021,lz,3.057777778,428.0888889
20/04/2021,lz,104.6480556,14650.72778
21/04/2021,lz,15.725,2201.5
22/04/2021,lz,69.65222222,9751.311111
23/04/2021,lz,5.383055556,753.6277778
24/04/2021,lz,175.3386111,24547.40556
25/04/2021,lz,62.275,8718.5
26/04/2021,lz,70.66861111,9893.605556
27/04/2021,lz,21.09861111,2953.805556
28/04/2021,lz,105.4591667,14764.28333
29/04/2021,lz,182.2766667,25498.63333
30/04/2021,lz,170.7213889,23900.99444
01/05/2021,lz,100.2786111,14039.00556
02/05/2021,lz,177.9030556,24906.42778
03/05/2021,lz,156.5586111,21918.20556
04/05/2021,lz,47.12611111,6597.643333
05/05/2021,lz,160.0875,22412.24639
06/05/2021,lz,531.3391667,74387.48333
07/05/2021,lz,38.37,5371.8
08/05/2021,lz,41.51638889,5812.294444
09/05/2021,lz,59.52083333,8332.916667
10/05/2021,lz,132.0577778,18488.08889
11/05/2021,lz,30.29138889,4240.794444
12/05/2021,lz,2.960833333,414.5166667
13/05/2021,lz,16.92583333,2369.616667
14/05/2021,lz,7.365555556,1031.177778
17/05/2021,lz,1.795277778,251.3388889
18/05/2021,lz,9.043611111,1266.105556
21/05/2021,lz,2.478055556,346.9302778
22/05/2021,lz,28.06194444,3928.668611
23/05/2021,lz,45.35305556,6349.427778
24/05/2021,lz,70.32138889,9844.995556
25/05/2021,lz,51.96416667,7274.9675
26/05/2021,lz,76.51305556,10711.84222
27/05/2021,lz,118.7988889,16631.84444
28/05/2021,lz,31.40555556,4396.777778
29/05/2021,lz,84.935,11890.9
30/05/2021,lz,13.37555556,1872.577778
31/05/2021,lz,41.66027778,5832.438889
01/06/2021,lz,77.74083333,10883.71667
02/06/2021,lz,43.90638889,6146.894444
03/06/2021,lz,13.9375,838.2461111
04/06/2021,lz,65.23166667,9132.433333
05/06/2021,lz,3.211111111,449.5555556
06/06/2021,lz,48.94611111,6852.455556
07/06/2021,lz,59.39083333,8314.716667
08/06/2021,lz,165.0044444,21987.07778
09/06/2021,lz,422.6641667,59172.98333
10/06/2021,lz,1009.985278,140192.1139
11/06/2021,lz,304.0880556,42572.32778
12/06/2021,lz,19.17222222,2684.111111
13/06/2021,lz,9.115,1276.1
14/06/2021,lz,5.730555556,802.2777778
15/06/2021,lz,0.005833333,0.816666667
16/06/2021,lz,16.21694444,2270.372222
17/06/2021,lz,150.0075,19887.64306
18/06/2021,lz,45.88138889,6423.394444
19/06/2021,lz,51.38194444,7193.472222
20/06/2021,lz,2.613055556,365.8277778
21/06/2021,lz,46.98305556,6577.627778
22/06/2021,lz,364.3361111,16882.90667
23/06/2021,lz,101.9436111,14272.10556
24/06/2021,lz,30.31027778,4243.438889
25/06/2021,lz,55.40611111,7756.855556
26/06/2021,lz,11.94694444,1672.572222
27/06/2021,lz,47.35722222,6630.011111
28/06/2021,lz,56.55944444,3200.944444
29/06/2021,lz,12.58388889,1761.744444
30/06/2021,lz,24.91,3487.4
01/07/2021,lz,26.8875,3764.25
02/07/2021,lz,63.57361111,8900.305556
05/07/2021,lz,19.8725,2782.15
06/07/2021,lz,1.763333333,246.8666667
07/07/2021,lz,12.27611111,1718.655556
08/07/2021,lz,55.66916667,7793.683333
09/07/2021,lz,31.56027778,4418.438889
12/07/2021,lz,100.8991667,14125.88333
13/07/2021,lz,230.0083333,32201.16667
14/07/2021,lz,229.9994444,32199.92222
15/07/2021,lz,398.1013889,55734.19444
16/07/2021,lz,2570.282222,359839.5111
17/07/2021,lz,2371.965556,332075.1778
18/07/2021,lz,2223.748611,311324.8056
19/07/2021,lz,2563.400833,358876.1167
20/07/2021,lz,518.7213889,72620.99444
21/07/2021,lz,213.0777778,29830.88889
22/07/2021,lz,58.95,8253.007222
23/07/2021,lz,63.70138889,8918.188333
24/07/2021,lz,104.0305556,14564.27778
25/07/2021,lz,59.65583333,8351.816667
26/07/2021,lz,85.63194444,11988.47222
27/07/2021,lz,254.6516667,35651.23333
28/07/2021,lz,2603.671111,364513.9556
29/07/2021,lz,2332.706944,326578.9722
30/07/2021,lz,1.6375,229.25
31/07/2021,lz,0.015,2.1
01/08/2021,lz,4.273888889,598.3444444
02/08/2021,lz,6.295833333,881.4166667
03/08/2021,lz,0.544444444,76.22222222
04/08/2021,lz,17.9625,2514.75
05/08/2021,lz,32.10166667,4494.233333
06/08/2021,lz,19.16861111,2683.605556
07/08/2021,lz,1.995833333,279.4166667
08/08/2021,lz,35.60666667,4984.933333
09/08/2021,lz,41.10833333,5755.166667
10/08/2021,lz,45.96777778,6435.488889
11/08/2021,lz,222.5525,31157.35
12/08/2021,lz,17.51222222,2451.711111
14/08/2021,lz,260.3913889,36454.79444
15/08/2021,lz,49.65222222,6951.311111
16/08/2021,lz,76.52583333,10713.61667
17/08/2021,lz,331.5161111,46412.25556
18/08/2021,lz,1102.962222,154414.7111
19/08/2021,lz,916.7091667,128339.2833
20/08/2021,lz,105.5783333,13668.42611
21/08/2021,lz,14.6725,2054.15
22/08/2021,lz,88.06305556,12328.82778
23/08/2021,lz,139.1097222,19475.36111
24/08/2021,lz,189.39,22593.53944
25/08/2021,lz,72.82888889,10196.04444
26/08/2021,lz,294.1555556,41181.77778
27/08/2021,lz,180.3997222,25255.96111
28/08/2021,lz,224.6897222,31456.56111
29/08/2021,lz,173.7647222,24327.06111
30/08/2021,lz,161.1641667,22562.98333
31/08/2021,lz,227.1327778,31798.58889
01/09/2021,lz,289.4583333,40524.16667
02/09/2021,lz,431.0761111,59238.19222
03/09/2021,lz,663.7761111,92928.65556
04/09/2021,lz,614.2147222,85990.06111
05/09/2021,lz,329.08,46071.2
06/09/2021,lz,327.6397222,45869.56111
07/09/2021,lz,126.0130556,17641.82778
08/09/2021,lz,198.1133333,27735.86667
09/09/2021,lz,148.0958333,20324.88333
10/09/2021,lz,207.9158333,28301.86667
11/09/2021,lz,130.145,17646.23333
12/09/2021,lz,22.69,3176.6
13/09/2021,lz,404.1641667,24365.48333
14/09/2021,lz,236.0969444,8643.716667
15/09/2021,lz,351.92,4010.844444
16/09/2021,lz,482.8811111,22345.4
17/09/2021,lz,538.9975,30201.69444
18/09/2021,lz,443.4958333,14230.80556
19/09/2021,lz,417.0088889,13123.28889
20/09/2021,lz,407.0544444,10233.94944
21/09/2021,lz,443.3469444,16810.61667
22/09/2021,lz,492.435,21012.43389
23/09/2021,lz,613.8594444,38011.85611
24/09/2021,lz,463.7077778,18102.7
25/09/2021,lz,30.35444444,4241.455556
26/09/2021,lz,6.854444444,959.6222222
27/09/2021,lz,362.7222222,50781.11111
28/09/2021,lz,635.685,88995.9
29/09/2021,lz,174.7522222,24118.815
30/09/2021,lz,194.9805556,27297.27778
01/10/2021,lz,205.2538889,28735.54444
02/10/2021,lz,81.23194444,11372.4625
03/10/2021,lz,49.68166667,6955.433333
04/10/2021,lz,237.3658333,33231.21667
05/10/2021,lz,297.4080556,41637.12778
06/10/2021,lz,468.0105556,58005.73333
07/10/2021,lz,272.2522222,26566.86667
08/10/2021,lz,357.3672222,27454.54444
09/10/2021,lz,164.9588889,19091.95556
10/10/2021,lz,42.5175,5952.45
11/10/2021,lz,269.7136111,37759.90556
12/10/2021,lz,307.9966667,43119.53333
13/10/2021,lz,382.1455556,53500.37778
14/10/2021,lz,75.21444444,10530.02222
15/10/2021,lz,132.7047222,18414.78333
16/10/2021,lz,81.82416667,11455.38333
17/10/2021,lz,200.9766667,28136.73333
18/10/2021,lz,167.5411111,23455.75556
19/10/2021,lz,141.5011111,19810.15556
21/10/2021,lz,80.65138889,11291.19444
22/10/2021,lz,336.1030556,47054.42778
23/10/2021,lz,668.3647222,93571.06111
24/10/2021,lz,164.3491667,23008.88333
25/10/2021,lz,65.28527778,9139.938889
26/10/2021,lz,706.7152778,98940.13889
27/10/2021,lz,481.8369444,67457.17222
28/10/2021,lz,232.0041667,32480.58333
29/10/2021,lz,163.0425,22825.95
30/10/2021,lz,102.9194444,14408.72222
31/10/2021,lz,172.8936111,24205.10556
01/11/2021,lz,780.41,109257.4
02/11/2021,lz,323.2761111,45258.65556
03/11/2021,lz,197.84,27697.6
04/11/2021,lz,157.2033333,22008.46667
05/11/2021,lz,186.9522222,26173.31111
06/11/2021,lz,296.9536111,41573.50556
07/11/2021,lz,262.935,36810.9
08/11/2021,lz,488.2636111,68356.89222
09/11/2021,lz,720.5008333,100870.1167
10/11/2021,lz,175.3211111,24544.95556
11/11/2021,lz,407.2191667,57010.68333
12/11/2021,lz,428.6925,60016.95
13/11/2021,lz,307.9625,43114.75
14/11/2021,lz,231.4844444,32407.82222
15/11/2021,lz,185.6858333,25996.01667
16/11/2021,lz,977.3427778,86550.73889
17/11/2021,lz,357.7188889,29046.22778
18/11/2021,lz,144.6286111,20248.00556
19/11/2021,lz,899.0783333,125870.9667
20/11/2021,lz,880.1708333,123223.9167
21/11/2021,lz,507.5252778,71053.53889
22/11/2021,lz,364.525,50574.4525
23/11/2021,lz,195.3822222,26843.38111
24/11/2021,lz,262.0677778,36689.48889
25/11/2021,lz,759.1111111,106275.5556
26/11/2021,lz,216.325,30285.5
27/11/2021,lz,93.54444444,13096.22222
28/11/2021,lz,238.5197222,33392.76111
29/11/2021,lz,208.3469444,29168.57222
30/11/2021,lz,358.1805556,50145.27778
01/12/2021,lz,259.6458333,36350.41667
02/12/2021,lz,257.0577778,35988.08889
03/12/2021,lz,146.1036111,20454.50556
04/12/2021,lz,178.5369444,23882.01389
05/12/2021,lz,104.4025,14616.35
06/12/2021,lz,136.9758333,19176.61667
07/12/2021,lz,201.3427778,27325.62222
08/12/2021,lz,54.18805556,6773.077778
09/12/2021,lz,101.7655556,13533.19444
10/12/2021,lz,425.9933333,49400.4
11/12/2021,lz,198.5044444,25737.68889
12/12/2021,lz,58.96638889,7597.877778
13/12/2021,lz,255.4541667,29468.81667
14/12/2021,lz,167.0941667,17866.6
15/12/2021,lz,48.81138889,4727.444444
16/12/2021,lz,490.1302778,54206.45556
17/12/2021,lz,234.9413889,32124.56111
18/12/2021,lz,232.295,32521.3
19/12/2021,lz,537.7858333,75290.01667
20/12/2021,lz,262.5583333,36758.16667
21/12/2021,lz,271.9575,38074.05
22/12/2021,lz,367.6702778,51473.83889
23/12/2021,lz,198.8580556,27840.12778
24/12/2021,lz,295.6988889,41397.84444
25/12/2021,lz,110.6547222,15491.66111
26/12/2021,lz,24.965,3495.1
27/12/2021,lz,181.6380556,25429.32778
28/12/2021,lz,167.555,23457.7
29/12/2021,lz,128.3,17962
30/12/2021,lz,141.0627778,19748.78889
31/12/2021,lz,120.9313889,16930.39444
01/01/2022,lz,107.2105556,15009.47778
02/01/2022,lz,93.63333333,13108.66667
03/01/2022,lz,106.2263889,14871.69444
04/01/2022,lz,95.99888889,13439.84444
05/01/2022,lz,79.15833333,11082.16667
06/01/2022,lz,87.12388889,12197.34444
07/01/2022,lz,57.54361111,8056.105556
08/01/2022,lz,168.8055556,23632.77778
09/01/2022,lz,153.3977778,21475.68889
10/01/2022,lz,145.0655556,20309.17778
11/01/2022,lz,230.2758333,32238.61667
12/01/2022,lz,140.8630556,19720.82778
13/01/2022,lz,136.9652778,19175.13889
14/01/2022,lz,468.9794444,65657.12222
15/01/2022,lz,402.8283333,56395.96667
16/01/2022,lz,370.2047222,51828.66111
17/01/2022,lz,332.7955556,46591.37778
18/01/2022,lz,107.4688889,15045.64444
19/01/2022,lz,19.03916667,6.663611111
20/01/2022,lz,470.1944444,164.5677778
21/01/2022,lz,234.6877778,82.14055556
22/01/2022,lz,23.77361111,8.320833333
23/01/2022,lz,346.7169444,121.3511111
24/01/2022,lz,224.4572222,78.56027778
25/01/2022,lz,279.5066667,97.8275
26/01/2022,lz,229.83,80.44055556
27/01/2022,lz,214.8002778,75.18
28/01/2022,lz,385.9277778,135.0744444
29/01/2022,lz,570.7144444,199.6844444
30/01/2022,lz,229.2477778,80.17111111
31/01/2022,lz,265.2697222,92.81444444
01/02/2022,lz,372.7533333,130.64
02/02/2022,lz,387.0791667,135.4525
03/02/2022,lz,269.6602778,94.44472222
04/02/2022,lz,414.3919444,145.1558333
05/02/2022,lz,166.5305556,58.28583333
06/02/2022,lz,398.8025,139.5808333
07/02/2022,lz,239.9602778,83.65805556
08/02/2022,lz,137.9752778,52.73055556
09/02/2022,lz,234.7427778,83.53833333
10/02/2022,lz,202.1538889,70.75388889
11/02/2022,lz,180.5605556,63.19611111
12/02/2022,lz,132.9586111,46.53555556
13/02/2022,lz,33.64888889,11.77722222
14/02/2022,lz,234.1666667,81.95833333
15/02/2022,lz,229.7305556,87.96194444
16/02/2022,lz,267.415,112.1158333
17/02/2022,lz,387.8502778,135.7472222
18/02/2022,lz,203.0388889,71.06333333
19/02/2022,lz,95.4125,33.39416667
20/02/2022,lz,88.28694444,30.90055556
21/02/2022,lz,160.2472222,56.08638889
22/02/2022,lz,184.3775,64.53194444
23/02/2022,lz,214.5136111,75.08
24/02/2022,lz,249.795,87.42527778
25/02/2022,lz,334.8836111,117.2797222
26/02/2022,lz,71.96388889,25.22527778
27/02/2022,lz,166.1663889,58.17972222
28/02/2022,lz,178.4966667,62.49416667
01/03/2022,lz,103.9488889,40.28416667
02/03/2022,lz,131.3366667,45.98777778
03/03/2022,lz,279.0769444,97.69833333
04/03/2022,lz,376.4602778,131.7938889
05/03/2022,lz,283.0733333,99.07583333
06/03/2022,lz,185.6588889,64.98055556
07/03/2022,lz,144.6286111,50.62027778
08/03/2022,lz,87.77194444,30.72027778
09/03/2022,lz,304.8136111,106.685
10/03/2022,lz,208.5797222,73.00305556
11/03/2022,lz,222.2261111,77.77861111
12/03/2022,lz,329.6961111,115.3938889
13/03/2022,lz,186.7855556,65.37527778
14/03/2022,lz,152.3675,53.32888889
15/03/2022,lz,815.9730556,286.4752778
16/03/2022,lz,7.709166667,2.698333333
17/03/2022,lz,758.6280556,266.68
18/03/2022,lz,1136.510833,626.4505556
19/03/2022,lz,382.1844444,245.8538889
20/03/2022,lz,225.9322222,79.07638889
21/03/2022,lz,191.6808333,67.08833333
22/03/2022,lz,109.0672222,38.17361111
23/03/2022,lz,524.2458333,413.8422222
24/03/2022,lz,190.8522222,63.99694444
25/03/2022,lz,289.2502778,100.9355556
26/03/2022,lz,167.0788889,58.47777778
27/03/2022,lz,2.364444444,0.8275
28/03/2022,lz,186.3477778,65.22166667
29/03/2022,lz,195.0030556,68.25111111
30/03/2022,lz,115.8691667,40.55416667
31/03/2022,lz,119.105,41.68694444
01/04/2022,lz,277.5744444,97.15111111
02/04/2022,lz,207.8894444,72.76138889
03/04/2022,lz,10.17222222,3.560277778
04/04/2022,lz,156.3819444,54.73361111
05/04/2022,lz,221.2491667,77.43722222
06/04/2022,lz,93.63777778,32.77333333
07/04/2022,lz,53.54694444,18.74111111
08/04/2022,lz,8.825277778,3.089166667
11/04/2022,lz,17.72944444,6.205277778
12/04/2022,lz,63.33555556,22.1675
13/04/2022,lz,142.7663889,49.37361111
14/04/2022,lz,137.51,48.12861111
15/04/2022,lz,121.1544444,42.40388889
16/04/2022,lz,98.03472222,34.31222222
17/04/2022,lz,64.32444444,22.51333333
18/04/2022,lz,120.7994444,42.27972222
19/04/2022,lz,162.5583333,56.89555556
20/04/2022,lz,119.9930556,41.99777778
21/04/2022,lz,199.4644444,69.81222222
22/04/2022,lz,231.1944444,80.91805556
23/04/2022,lz,259.2288889,90.73
24/04/2022,lz,199.3861111,69.78527778
25/04/2022,lz,218.9866667,73.84416667
26/04/2022,lz,167.6513889,58.67777778
27/04/2022,lz,40.1775,14.05444444
28/04/2022,lz,33.53166667,11.70666667
29/04/2022,lz,245.9094444,86.06805556
30/04/2022,lz,365.2030556,127.8211111
01/05/2022,lz,147.0144444,51.455
02/05/2022,lz,559.385,195.7847222
03/05/2022,lz,693.0858333,242.3580556
04/05/2022,lz,1180.091667,413.0322222
05/05/2022,lz,2178.542778,762.4897222
06/05/2022,lz,2315.587222,810.4547222
07/05/2022,lz,2842.628611,994.92
08/05/2022,lz,1519.205556,531.7219444
09/05/2022,lz,1125.209722,393.0447222
10/05/2022,lz,3287.242778,1149.801667
11/05/2022,lz,1383.859167,483.5625
12/05/2022,lz,1102.4725,385.865
13/05/2022,lz,1638.8625,580.4313889
14/05/2022,lz,1982.016944,693.7058333
15/05/2022,lz,718.6847222,251.5397222
16/05/2022,lz,87.75277778,30.71333333
17/05/2022,lz,291.2288889,102.7541667
18/05/2022,lz,97.04833333,46.65416667
19/05/2022,lz,501.695,466.395
20/05/2022,lz,1163.176389,553.7863889
21/05/2022,lz,1004.305833,677.2538889
22/05/2022,lz,444.205,164.2813889
23/05/2022,lz,933.1069444,327.4288889
24/05/2022,lz,2067.085278,723.4797222
25/05/2022,lz,1446.931944,508.8191667
26/05/2022,lz,565.4675,217.5758333
27/05/2022,lz,820.4797222,345.7433333
28/05/2022,lz,685.2247222,344.7008333
29/05/2022,lz,940.4652778,867.0438889
30/05/2022,lz,1806.491389,941.1722222
31/05/2022,lz,2802.251111,1368.698056
01/06/2022,lz,1681.917778,842.0775
02/06/2022,lz,681.9611111,356.9666667
03/06/2022,lz,804.1711111,678.4872222
04/06/2022,lz,451.5266667,429.2791667
05/06/2022,lz,272.7622222,190.5611111
06/06/2022,lz,289.08,104.7563889
07/06/2022,lz,361.6244444,161.7180556
08/06/2022,lz,461.4080556,194.8844444
09/06/2022,lz,838.8508333,299.5641667
10/06/2022,lz,359.4638889,127.6744444
11/06/2022,lz,120.0863889,42.03027778
12/06/2022,lz,63.83,27.125
13/06/2022,lz,463.3855556,162.185
14/06/2022,lz,722.1388889,257.1736111
15/06/2022,lz,348.1027778,126.7686111
16/06/2022,lz,271.1205556,130.2177778
17/06/2022,lz,702.2886111,262.4161111
18/06/2022,lz,462.66,161.9311111
19/06/2022,lz,0.7925,0.2775
20/06/2022,lz,119.9238889,59.59333333
21/06/2022,lz,158.3247222,60.17583333
22/06/2022,lz,182.4094444,79.75416667
23/06/2022,lz,425.3608333,163.0225
24/06/2022,lz,211.6672222,89.74333333
25/06/2022,lz,72.33888889,25.31861111
26/06/2022,lz,71.77166667,36.24861111
27/06/2022,lz,101.4219444,66.26694444
28/06/2022,lz,97.92277778,49.68166667
29/06/2022,lz,30.865,10.97472222
30/06/2022,lz,122.1219444,57.07083333
01/07/2022,lz,114.4080556,63.51722222
02/07/2022,lz,173.7522222,153.8591667
03/07/2022,lz,108.2655556,61.42
04/07/2022,lz,51.28111111,17.94833333
05/07/2022,lz,210.8469444,73.70916667
06/07/2022,lz,362.625,126.8958333
07/07/2022,lz,265.6402778,102.2641667
08/07/2022,lz,294.7672222,103.0702778
09/07/2022,lz,238.3833333,83.37361111
10/07/2022,lz,60.37388889,21.03583333
11/07/2022,lz,121.1561111,42.37027778
12/07/2022,lz,104.865,46.56444444
13/07/2022,lz,151.1127778,109.4788889
14/07/2022,lz,201.5102778,108.3161111
15/07/2022,lz,155.6313889,62.81138889
16/07/2022,lz,193.7327778,75.07583333
17/07/2022,lz,144.1872222,50.46555556
18/07/2022,lz,134.7925,58.84194444
19/07/2022,lz,194.5011111,127.17
20/07/2022,lz,85.88777778,42.79666667
21/07/2022,lz,299.2694444,108.7144444
22/07/2022,lz,240.2611111,86.32305556
23/07/2022,lz,98.53611111,36.93472222
24/07/2022,lz,184.5927778,64.6075
25/07/2022,lz,222.8455556,91.2425
26/07/2022,lz,246.5477778,89.22833333
27/07/2022,lz,362.5766667,139.9880556
28/07/2022,lz,326.1127778,128.2205556
29/07/2022,lz,232.6652778,101.0644444
30/07/2022,lz,176.3341667,61.71722222
31/07/2022,lz,83.38305556,29.18388889
01/08/2022,lz,180.5566667,48.23
02/08/2022,lz,256.9741667,110.6883333
03/08/2022,lz,242.95,156.9436111
04/08/2022,lz,154.9019444,59.53111111
05/08/2022,lz,168.0863889,62.73111111
06/08/2022,lz,226.7988889,85.27777778
07/08/2022,lz,202.0177778,96.27138889
08/08/2022,lz,118.5955556,41.50833333
09/08/2022,lz,256.0258333,143.7852778
10/08/2022,lz,358.9386111,178.0430556
11/08/2022,lz,519.0847222,220.2219444
12/08/2022,lz,291.2461111,101.9361111
13/08/2022,lz,270.1552778,94.55444444
14/08/2022,lz,482.8769444,169.0066667
15/08/2022,lz,487.1347222,170.4969444
16/08/2022,lz,451.025,157.8586111
17/08/2022,lz,124.66,43.63083333
18/08/2022,lz,180.9822222,63.34361111
19/08/2022,lz,204.2469444,92.62833333
20/08/2022,lz,38.69055556,13.54166667
21/08/2022,lz,181.7769444,63.62194444
22/08/2022,lz,173.24,60.63416667
23/08/2022,lz,285.2419444,73.19694444
24/08/2022,lz,251.6447222,78.37777778
25/08/2022,lz,140.5997222,49.20972222
26/08/2022,lz,44.22777778,15.47972222
27/08/2022,lz,144.0580556,50.42027778
28/08/2022,lz,263.9969444,92.39888889
29/08/2022,lz,294.9255556,103.2238889
30/08/2022,lz,581.1069444,203.3677778
31/08/2022,lz,789.0758333,304.1680556
01/09/2022,lz,289.2822222,101.2288889
02/09/2022,lz,199.0802778,69.65805556
03/09/2022,lz,84.35055556,29.50277778
04/09/2022,lz,165.8491667,58.02722222
05/09/2022,lz,227.5333333,79.61666667
06/09/2022,lz,363.0880556,127.0608333
07/09/2022,lz,436.33,152.6958333
08/09/2022,lz,227.9386111,81.29638889
09/09/2022,lz,369.3944444,130.3086111
10/09/2022,lz,674.6877778,236.1419444
11/09/2022,lz,355.9002778,124.565
12/09/2022,lz,418.3041667,146.6516667
13/09/2022,lz,765.7141667,291.4641667
14/09/2022,lz,386.5219444,135.0033333
15/09/2022,lz,171.6463889,59.79694444
16/09/2022,lz,314.5755556,109.8372222
17/09/2022,lz,650.2669444,226.7975
18/09/2022,lz,345.5672222,120.1108333
19/09/2022,lz,239.3944444,83.53777778
20/09/2022,lz,474.4630556,166.2744444
21/09/2022,lz,8.325833333,4.446388889
22/09/2022,lz,171.46,60.38083333
23/09/2022,lz,767.9727778,550.8375
24/09/2022,lz,155.5141667,53.59222222
25/09/2022,lz,97.69222222,33.35472222
26/09/2022,lz,475.885,202.7347222
27/09/2022,lz,575.7736111,234.6908333
28/09/2022,lz,46.88194444,16.83388889
29/09/2022,lz,150.5591667,96.93638889
30/09/2022,lz,558.7511111,195.4119444
01/10/2022,lz,648.7808333,226.7975
02/10/2022,lz,264.4408333,92.27833333
03/10/2022,lz,296.0838889,119.5669444
04/10/2022,lz,995.3438889,348.0930556
05/10/2022,lz,458.0830556,174.4830556
06/10/2022,lz,468.9866667,163.2941667
07/10/2022,lz,798.3927778,278.6058333
08/10/2022,lz,263.7038889,92.20583333
10/10/2022,lz,0.346666667,0.069444444
11/10/2022,lz,9.372777778,3.251111111
12/10/2022,lz,6.873333333,2.41
13/10/2022,lz,14.38611111,5.198055556
14/10/2022,lz,156.7186111,55.19361111
15/10/2022,lz,535.4372222,187.4030556
16/10/2022,lz,709.4427778,257.5147222
17/10/2022,lz,489.2980556,185.4808333
18/10/2022,lz,456.395,160.1780556
19/10/2022,lz,524.1708333,193.7602778
20/10/2022,lz,504.2088889,176.6022222
21/10/2022,lz,321.0436111,120.0430556
22/10/2022,lz,26.85416667,9.399166667
23/10/2022,lz,17.34222222,6.07
24/10/2022,lz,81.81972222,28.73888889
25/10/2022,lz,248.8041667,87.08111111
26/10/2022,lz,179.5936111,58.89
27/10/2022,lz,276.8744444,96.90583333
28/10/2022,lz,445.4883333,155.8016667
29/10/2022,lz,561.1272222,196.3944444
30/10/2022,lz,433.4711111,151.7147222
31/10/2022,lz,382.7377778,135.2341667
01/11/2022,lz,320.8575,112.49
02/11/2022,lz,194.9208333,68.2125
03/11/2022,lz,613.8038889,214.8313889
04/11/2022,lz,461.7686111,161.6011111
06/11/2022,lz,7.520277778,3.666666667
07/11/2022,lz,671.1527778,235.7836111
08/11/2022,lz,697.6933333,248.2094444
09/11/2022,lz,133.7733333,48.90416667
10/11/2022,lz,343.7986111,170.4997222
11/11/2022,lz,258.6713889,91.27222222
12/11/2022,lz,170.5019444,59.67583333
13/11/2022,lz,163.1452778,86.40222222
14/11/2022,lz,215.145,75.69388889
15/11/2022,lz,230.9788889,226.7613889
16/11/2022,lz,16.26972222,8.9375
17/11/2022,lz,630.8758333,221.1463889
18/11/2022,lz,714.4591667,251.6644444
19/11/2022,lz,91.20444444,31.92138889
20/11/2022,lz,71.51277778,25.09444444
21/11/2022,lz,635.4325,222.4011111
22/11/2022,lz,606.5441667,212.2902778
23/11/2022,lz,444.9522222,257.4783333
24/11/2022,lz,577.3411111,202.9455556
25/11/2022,lz,333.8011111,116.8302778
27/11/2022,lz,13.95694444,4.885
28/11/2022,lz,363.7122222,128.2466667
29/11/2022,lz,351.145,124.865
30/11/2022,lz,77.38222222,29.02
01/12/2022,lz,280.1191667,100.2155556
02/12/2022,lz,395.4391667,140.7375
03/12/2022,lz,187.9061111,65.76722222
04/12/2022,lz,16.28888889,5.701111111
05/12/2022,lz,479.9944444,167.9980556
06/12/2022,lz,464.8297222,163.3722222
07/12/2022,lz,92.21972222,33.78944444
08/12/2022,lz,254.3197222,89.19361111
09/12/2022,lz,444.065,159.9530556
10/12/2022,lz,525.8847222,184.0597222
11/12/2022,lz,249.1108333,87.18888889
12/12/2022,lz,491.8977778,172.1644444
13/12/2022,lz,523.1758333,164.7566667
14/12/2022,lz,253.0841667,70.30583333
15/12/2022,lz,220.4819444,62.10666667
16/12/2022,lz,185.2463889,41.83
17/12/2022,lz,231.1544444,57.89777778
18/12/2022,lz,328.1205556,91.83583333
19/12/2022,lz,262.9075,78.5975
20/12/2022,lz,85.61611111,29.96583333
21/12/2022,lz,4.31,1.508611111
22/12/2022,lz,32.42111111,11.3475
23/12/2022,lz,383.9955556,134.3983333
24/12/2022,lz,351.8680556,123.1538889
25/12/2022,lz,81.9825,28.69388889
26/12/2022,lz,143.9983333,50.39944444
27/12/2022,lz,152.1830556,53.26416667
28/12/2022,lz,215.9975,75.59916667
29/12/2022,lz,158.89,55.61138889
30/12/2022,lz,174.0205556,64.82194444
31/12/2022,lz,135.0211111,47.2575
01/01/2023,lz,134.7197222,47.15194444
02/01/2023,lz,215.9975,75.59916667
03/01/2023,lz,187.3383333,74.57111111
04/01/2023,lz,197.2833333,86.5375
05/01/2023,lz,405.0480556,147.2036111
06/01/2023,lz,240.4005556,89.09222222
07/01/2023,lz,247.1216667,86.4925
08/01/2023,lz,200.2525,70.08833333
09/01/2023,lz,384.5711111,134.7519444
10/01/2023,lz,256.1916667,105.2083333
11/01/2023,lz,294.6591667,119.1375
12/01/2023,lz,349.6291667,133.3961111
13/01/2023,lz,273.4441667,100.8205556
14/01/2023,lz,278.9505556,105.9511111
15/01/2023,lz,11.0575,5.748888889
16/01/2023,lz,23.82444444,12.72361111
17/01/2023,lz,374.1522222,137.1344444
18/01/2023,lz,12.29,12.29
19/01/2023,lz,148.1419444,51.84972222
20/01/2023,lz,281.15,100.4988889
21/01/2023,lz,108.6955556,38.04333333
23/01/2023,lz,171.8469444,62.47861111
24/01/2023,lz,500.0558333,179.8233333
25/01/2023,lz,338.4227778,116.6419444
26/01/2023,lz,256.6561111,98.14555556
27/01/2023,lz,534.0163889,302.9438889
28/01/2023,lz,134.5888889,48.10361111
29/01/2023,lz,284.8077778,103.7944444
30/01/2023,lz,153.0002778,53.55027778
31/01/2023,lz,106.3819444,38.56138889
01/02/2023,lz,107.0975,37.48388889
02/02/2023,lz,173.2352778,64.5375
03/02/2023,lz,417.0838889,155.7197222
04/02/2023,lz,266.9036111,93.41611111
05/02/2023,lz,6.313333333,2.209444444
06/02/2023,lz,268.1002778,103.9402778
07/02/2023,lz,278.6127778,121.8555556
08/02/2023,lz,138.2541667,58.96305556
09/02/2023,lz,406.1011111,118.7583333
10/02/2023,lz,324.1297222,113.4458333
11/02/2023,lz,238.5661111,83.49833333
12/02/2023,lz,114.4547222,43.96361111
13/02/2023,lz,12.80638889,9.830555556
14/02/2023,lz,166.4091667,60.7225
15/02/2023,lz,228.1213889,83.85861111
16/02/2023,lz,121.8377778,43.72583333
17/02/2023,lz,149.1375,85.15138889
18/02/2023,lz,56.63888889,28.26833333
19/02/2023,lz,58.15638889,58.15638889
20/02/2023,lz,72.07638889,72.07638889
21/02/2023,lz,303.9283333,106.375
22/02/2023,lz,315.0927778,315.0927778
23/02/2023,lz,1.262777778,1.250833333
24/02/2023,lz,503.0438889,307.0361111
25/02/2023,lz,239.9972222,83.99888889
26/02/2023,lz,5.378333333,1.8825
27/02/2023,lz,406.3344444,217.0475
28/02/2023,lz,306.0544444,111.6108333
01/03/2023,lz,220.2438889,83.39611111
02/03/2023,lz,469.7988889,165.0886111
03/03/2023,lz,263.1027778,117.0763889
04/03/2023,lz,364.7147222,127.6502778
05/03/2023,lz,336.2686111,117.6944444
06/03/2023,lz,248.2436111,90.67944444
07/03/2023,lz,289.2261111,114.4808333
08/03/2023,lz,146.4694444,49.14083333
09/03/2023,lz,165.7577778,56.21
10/03/2023,lz,273.3519444,100.8330556
11/03/2023,lz,85.77722222,31.20944444
12/03/2023,lz,131.7825,129.7025
13/03/2023,lz,289.9511111,166.7105556
14/03/2023,lz,1042.234167,819.5372222
15/03/2023,lz,113.425,107.4738889
16/03/2023,lz,346.8780556,346.4161111
17/03/2023,lz,154.6077778,112.9952778
18/03/2023,lz,158.2341667,125.2855556
19/03/2023,lz,132.4116667,101.4705556
20/03/2023,lz,272.3652778,172.7947222
21/03/2023,lz,88.53916667,77.15888889
22/03/2023,lz,305.7325,270.8316667
23/03/2023,lz,77.86361111,76.79722222
24/03/2023,lz,123.2122222,118.8144444
25/03/2023,lz,3.3975,1.674444444
26/03/2023,lz,110.9175,106.7308333
27/03/2023,lz,176.3669444,144.0577778
28/03/2023,lz,174.0838889,142.2075
29/03/2023,lz,376.1408333,262.6327778
30/03/2023,lz,345.2275,223.8311111
31/03/2023,lz,125.2266667,121.3677778
01/04/2023,lz,20.83694444,19.20944444
02/04/2023,lz,42.04166667,40.08055556
03/04/2023,lz,134.1108333,132.5905556
04/04/2023,lz,78.41861111,71.57972222
05/04/2023,lz,208.4311111,123.485
06/04/2023,lz,536.1530556,228.5675
07/04/2023,lz,406.3891667,226.6005556
08/04/2023,lz,135.7727778,132.0783333
09/04/2023,lz,61.10277778,57.40833333
10/04/2023,lz,94.96861111,22.87888889
11/04/2023,lz,427.8272222,155.8486111
12/04/2023,lz,1234.828333,642.7291667
13/04/2023,lz,1443.204444,894.165
14/04/2023,lz,1079.526667,904.4116667
15/04/2023,lz,480.3980556,245.7480556
16/04/2023,lz,73.92,72.84555556
17/04/2023,lz,1083.584167,379.3033333
18/04/2023,lz,610.3494444,274.2213889
19/04/2023,lz,87.305,52.76277778
20/04/2023,lz,485.7394444,170.0086111
21/04/2023,lz,472.8311111,165.5119444
22/04/2023,lz,6.569444444,2.403333333
23/04/2023,lz,196.3077778,68.73666667
24/04/2023,lz,527.6483333,202.255
25/04/2023,lz,590.8613889,398.0461111
26/04/2023,lz,289.0802778,151.5172222
27/04/2023,lz,137.9094444,131.5925
28/04/2023,lz,171.3297222,157.8569444
29/04/2023,lz,119.3891667,119.3891667
30/04/2023,lz,119.3780556,119.3780556
01/05/2023,lz,136.3236111,136.3236111
02/05/2023,lz,131.6555556,129.875
03/05/2023,lz,172.8216667,172.6205556
04/05/2023,lz,8.935,8.231111111
05/05/2023,lz,172.2097222,171.7313889
06/05/2023,lz,120.4002778,120.4002778
07/05/2023,lz,119.3786111,119.3786111
08/05/2023,lz,124.9502778,124.7791667
09/05/2023,lz,391.6825,291.1163889
10/05/2023,lz,1010.882222,438.3761111
11/05/2023,lz,600.9852778,272.9552778
12/05/2023,lz,169.1397222,148.5597222
13/05/2023,lz,119.4827778,119.4827778
14/05/2023,lz,119.4405556,119.3827778
15/05/2023,lz,801.8497222,521.5991667
16/05/2023,lz,2605.951389,1535.223056
17/05/2023,lz,1900.543611,1043.701667
18/05/2023,lz,981.755,515.0422222
19/05/2023,lz,1461.207222,730.6144444
20/05/2023,lz,822.9005556,342.4588889
21/05/2023,lz,415.2286111,254.3108333
22/05/2023,lz,1176.820278,446.1997222
23/05/2023,lz,1482.803889,726.6155556
24/05/2023,lz,1241.968056,665.8719444
25/05/2023,lz,739.8802778,286.6305556
26/05/2023,lz,150.1158333,150.1158333
27/05/2023,lz,119.2238889,119.2238889
28/05/2023,lz,119.3888889,119.3888889
29/05/2023,lz,71.75777778,71.75777778
30/05/2023,lz,77.28611111,76.04777778
31/05/2023,lz,125.3588889,125.3588889
01/06/2023,lz,195.1952778,192.1963889
02/06/2023,lz,183.3880556,183.3880556
03/06/2023,lz,144.6980556,144.6980556
04/06/2023,lz,71.2475,71.2475
05/06/2023,lz,133.0094444,133.0094444
06/06/2023,lz,0.741666667,0.741666667
07/06/2023,lz,350.815,350.815
08/06/2023,lz,38.69583333,38.69583333
09/06/2023,lz,477.7191667,477.7191667
10/06/2023,lz,142.9075,142.9075
11/06/2023,lz,179.7825,179.7825
12/06/2023,lz,116.4519444,116.4519444
13/06/2023,lz,117.6208333,117.6208333
14/06/2023,lz,2.502222222,2.502222222
15/06/2023,lz,123.0716667,123.0716667
16/06/2023,lz,175.7897222,175.7897222
17/06/2023,lz,146.5677778,146.5677778
18/06/2023,lz,24.8675,24.8675
19/06/2023,lz,344.5347222,344.5347222
20/06/2023,lz,403.1225,403.1225
21/06/2023,lz,331.6658333,331.6658333
22/06/2023,lz,192.7936111,192.7936111
23/06/2023,lz,323.405,323.405
24/06/2023,lz,135.6169444,135.6169444
25/06/2023,lz,290.3369444,290.3369444
26/06/2023,lz,309.3477778,309.3477778
27/06/2023,lz,527.8288889,527.8288889
28/06/2023,lz,160.3994444,160.3994444
29/06/2023,lz,304.7366667,304.7366667
30/06/2023,lz,455.8155556,455.8155556
01/07/2023,lz,0.397777778,0.397777778
02/07/2023,lz,59.01722222,59.01722222
03/07/2023,lz,45.64111111,45.64111111
04/07/2023,lz,265.8705556,265.8705556
05/07/2023,lz,594.6027778,594.6027778
06/07/2023,lz,444.8644444,444.8644444
07/07/2023,lz,233.8052778,233.8052778
08/07/2023,lz,236.7019444,236.7019444
09/07/2023,lz,202.1091667,202.1091667
10/07/2023,lz,401.8722222,401.8722222
11/07/2023,lz,654.2063889,654.2063889
12/07/2023,lz,260.4916667,260.4916667
13/07/2023,lz,277.3841667,277.3841667
14/07/2023,lz,707.6116667,707.6116667
15/07/2023,lz,287.4822222,287.4822222
16/07/2023,lz,238.1247222,238.1247222
17/07/2023,lz,1287.844722,1287.844722
18/07/2023,lz,514.9508333,514.9508333
19/07/2023,lz,583.3719444,583.3719444
20/07/2023,lz,460.9933333,460.9933333
21/07/2023,lz,404.3675,404.3675
22/07/2023,lz,877.7536111,877.7536111
23/07/2023,lz,640.8355556,640.8355556
24/07/2023,lz,625.0002778,625.0002778
25/07/2023,lz,478.9247222,478.7580556
26/07/2023,lz,306.0213889,242.0213889
27/07/2023,lz,359.4327778,338.0994444
28/07/2023,lz,413.61,413.61
29/07/2023,lz,198.4991667,198.4991667
30/07/2023,lz,111.8786111,111.8786111
31/07/2023,lz,823.8466667,823.8466667
01/08/2023,lz,662.1433333,662.1433333
02/08/2023,lz,399.3330556,399.3330556
03/08/2023,lz,340.7008333,340.7008333
04/08/2023,lz,1597.228333,1597.228333
05/08/2023,lz,131.0980556,131.0980556
06/08/2023,lz,131.5644444,131.5644444
07/08/2023,lz,326.6161111,326.6161111
08/08/2023,lz,310.1111111,310.1111111
09/08/2023,lz,246.8338889,246.8338889
10/08/2023,lz,400.1402778,400.1402778
11/08/2023,lz,199.5694444,199.5694444
12/08/2023,lz,319.9183333,319.9183333
13/08/2023,lz,309.4963889,309.4963889
14/08/2023,lz,650.2675,650.2675
15/08/2023,lz,228.5097222,228.5097222
16/08/2023,lz,168.9283333,168.9283333
17/08/2023,lz,218.1552778,218.1552778
18/08/2023,lz,143.1702778,143.1702778
19/08/2023,lz,116.9933333,116.9933333
20/08/2023,lz,33.1225,33.1225
21/08/2023,lz,328.0766667,328.0766667
22/08/2023,lz,401.6852778,401.6852778
23/08/2023,lz,586.1425,562.0697222
24/08/2023,lz,685.7308333,685.7308333
25/08/2023,lz,403.5719444,403.5719444
26/08/2023,lz,119.7875,119.7875
27/08/2023,lz,120.6961111,120.6961111
28/08/2023,lz,119.725,119.725
29/08/2023,lz,290.0688889,290.0688889
30/08/2023,lz,599.4186111,599.4186111
31/08/2023,lz,345.5541667,345.5541667
01/09/2023,lz,485.5477778,485.5477778
02/09/2023,lz,119.5286111,119.5286111
03/09/2023,lz,121.3069444,121.3069444
04/09/2023,lz,183.4716667,183.4716667
05/09/2023,lz,300.7913889,300.7913889
06/09/2023,lz,150.3094444,150.3094444
07/09/2023,lz,165.7394444,165.7394444
08/09/2023,lz,240.6755556,240.6755556
09/09/2023,lz,606.1911111,606.1911111
10/09/2023,lz,506.4580556,494.0419444
11/09/2023,lz,470.3702778,470.3702778
12/09/2023,lz,410.6052778,410.6052778
13/09/2023,lz,125.5555556,125.5555556
14/09/2023,lz,154.1208333,154.1208333
15/09/2023,lz,127.8861111,127.8861111
16/09/2023,lz,122.4563889,122.4563889
17/09/2023,lz,119.3986111,119.3986111
18/09/2023,lz,166.6961111,166.6961111
19/09/2023,lz,122.1644444,122.1644444
20/09/2023,lz,129.6205556,129.6205556
21/09/2023,lz,325.6633333,325.6633333
22/09/2023,lz,167.3422222,167.3422222
23/09/2023,lz,122.6838889,122.6838889
24/09/2023,lz,122.2708333,122.2708333
25/09/2023,lz,148.4138889,148.4138889
26/09/2023,lz,186.7352778,186.5797222
27/09/2023,lz,467.6308333,467.6308333
28/09/2023,lz,18.52277778,18.52277778
29/09/2023,lz,52.43722222,52.43722222
30/09/2023,lz,119.9233333,119.9233333
01/10/2023,lz,53.38861111,53.38861111
02/10/2023,lz,208.4183333,208.4183333
03/10/2023,lz,318.9322222,318.9322222
04/10/2023,lz,303.4969444,303.4969444
05/10/2023,lz,111.58,111.58
06/10/2023,lz,235.5877778,235.5877778
07/10/2023,lz,144.5372222,144.5372222
08/10/2023,lz,125.2177778,125.2177778
09/10/2023,lz,281.4811111,281.4811111
10/10/2023,lz,28.425,28.425
11/10/2023,lz,96.03916667,96.03916667
12/10/2023,lz,170.2947222,170.2947222
13/10/2023,lz,201.4869444,201.4869444
14/10/2023,lz,294.1155556,294.1155556
15/10/2023,lz,172.1552778,172.1552778
16/10/2023,lz,342.5041667,342.5041667
17/10/2023,lz,317.9902778,317.9902778
18/10/2023,lz,29.45777778,29.45777778
19/10/2023,lz,126.8766667,126.8766667
20/10/2023,lz,217.3927778,217.3927778
21/10/2023,lz,135.9533333,135.9533333
22/10/2023,lz,119.1602778,119.1602778
23/10/2023,lz,260.1194444,260.1194444
24/10/2023,lz,425.2869444,425.2869444
25/10/2023,lz,423.6830556,423.6830556
26/10/2023,lz,588.1655556,588.1655556
27/10/2023,lz,443.3905556,443.3905556
28/10/2023,lz,473.8633333,473.8633333
29/10/2023,lz,302.1008333,302.1008333
30/10/2023,lz,296.9922222,296.9922222
31/10/2023,lz,203.9433333,203.9433333
01/11/2023,lz,254.1625,254.1625
02/11/2023,lz,221.5269444,221.5269444
03/11/2023,lz,156.1655556,151.8016667
04/11/2023,lz,184.6441667,180.2802778
05/11/2023,lz,202.5758333,198.2119444
06/11/2023,lz,172.2841667,151.3036111
07/11/2023,lz,252.7083333,252.7083333
08/11/2023,lz,417.8358333,417.8358333
09/11/2023,lz,343.6258333,343.6258333
10/11/2023,lz,372.7638889,369.9055556
11/11/2023,lz,209.3580556,209.3580556
12/11/2023,lz,107.0497222,107.0497222
13/11/2023,lz,239.9725,239.9725
14/11/2023,lz,348.0441667,348.0441667
15/11/2023,lz,448.1886111,448.1886111
16/11/2023,lz,165.0527778,164.6127778
17/11/2023,lz,120.0816667,120.0816667
18/11/2023,lz,144.7733333,144.7733333
19/11/2023,lz,132.9686111,132.9686111
20/11/2023,lz,152.4213889,152.4213889
21/11/2023,lz,184.3636111,184.3636111
22/11/2023,lz,147.8086111,147.8086111
23/11/2023,lz,139.1113889,139.1113889
24/11/2023,lz,133.1505556,133.1505556
25/11/2023,lz,134.3683333,134.3683333
26/11/2023,lz,119.4755556,119.4755556
27/11/2023,lz,169.0486111,169.0486111
28/11/2023,lz,228.2216667,228.2216667
29/11/2023,lz,30.18472222,30.18472222
30/11/2023,lz,57.2,57.2
01/12/2023,lz,158.8683333,158.8683333
02/12/2023,lz,158.28,158.28
03/12/2023,lz,129.0569444,129.0569444
04/12/2023,lz,215.3083333,215.3083333
05/12/2023,lz,182.8475,182.8475
06/12/2023,lz,63.37472222,63.37472222
07/12/2023,lz,153.7927778,153.7927778
08/12/2023,lz,216.0766667,216.0766667
09/12/2023,lz,299.0833333,294.7194444
10/12/2023,lz,336.4130556,332.0491667
11/12/2023,lz,330.1269444,325.8175
12/12/2023,lz,133.2819444,133.2819444
13/12/2023,lz,262.8436111,262.8436111
14/12/2023,lz,216.3083333,216.3083333
15/12/2023,lz,511.8177778,511.8177778
16/12/2023,lz,119.3969444,119.3969444
17/12/2023,lz,120.5372222,120.5372222
18/12/2023,lz,207.605,207.605
19/12/2023,lz,369,369
20/12/2023,lz,110.9516667,102.2244444
21/12/2023,lz,227.1663889,218.4391667
22/12/2023,lz,200.7836111,192.0563889
23/12/2023,lz,230.2794444,221.5522222
24/12/2023,lz,128.0675,119.3402778
25/12/2023,lz,128.0144444,119.2872222
26/12/2023,lz,187.9838889,179.2566667
27/12/2023,lz,128.9277778,120.0788889
28/12/2023,lz,129.2188889,120.4916667
29/12/2023,lz,131.2675,122.5402778
30/12/2023,lz,132.6852778,120.1041667
31/12/2023,lz,129.1611111,120.4338889
01/01/2024,lz,186.4183333,122.53
02/01/2024,lz,189.1688889,127.5586111
03/01/2024,lz,215.1983333,160.1716667
04/01/2024,lz,406.6736111,335.5175
05/01/2024,lz,252.1527778,197.8827778
06/01/2024,lz,245.6522222,190.8938889
07/01/2024,lz,231.4472222,176.5416667
08/01/2024,lz,325.5958333,270.6541667
09/01/2024,lz,346.4666667,291.3766667
10/01/2024,lz,237.2619444,237.2619444
11/01/2024,lz,173.33,173.33
12/01/2024,lz,237.4261111,183.1216667
13/01/2024,lz,173.8627778,120.6711111
14/01/2024,lz,183.7391667,129.9841667
15/01/2024,lz,213.7888889,156.5566667
16/01/2024,lz,261.8866667,208.5161111
17/01/2024,lz,2.472222222,2.472222222
18/01/2024,lz,343.1186111,276.6280556
19/01/2024,lz,221.3952778,154.1952778
20/01/2024,lz,245.7136111,178.5136111
21/01/2024,lz,261.3852778,194.1852778
22/01/2024,lz,261.7038889,194.5038889
23/01/2024,lz,363.7275,296.2336111
24/01/2024,lz,397.2855556,330.0855556
25/01/2024,lz,325.6444444,258.4444444
26/01/2024,lz,265.6497222,198.4497222
27/01/2024,lz,189.2930556,122.0930556
28/01/2024,lz,386.1711111,318.9711111
29/01/2024,lz,446.1505556,378.9505556
30/01/2024,lz,322.4247222,255.2247222
31/01/2024,lz,448.0847222,380.8847222
01/02/2024,lz,226.7788889,159.5788889
02/02/2024,lz,329.5138889,262.3138889
03/02/2024,lz,198.2902778,131.0902778
04/02/2024,lz,337.8575,270.6575
05/02/2024,lz,402.7988889,335.5988889
06/02/2024,lz,496.5086111,439.4502778
07/02/2024,lz,982.9983333,925.4777778
08/02/2024,lz,339.6061111,285.0983333
09/02/2024,lz,260.7727778,210.3277778
10/02/2024,lz,226.8230556,174.9325
11/02/2024,lz,252.4875,201.2191667
12/02/2024,lz,317.0966667,263.075
13/02/2024,lz,455.0538889,400.4238889
14/02/2024,lz,307.8275,247.1836111
15/02/2024,lz,357.4566667,321.8322222
16/02/2024,lz,399.1411111,390.2522222
17/02/2024,lz,537.9155556,529.0266667
18/02/2024,lz,171.8094444,162.9205556
19/02/2024,lz,456.1036111,447.2147222
20/02/2024,lz,548.1263889,503.4586111
21/02/2024,lz,96.91194444,88.02305556
22/02/2024,lz,647.6211111,638.7322222
23/02/2024,lz,534.9019444,526.0130556
24/02/2024,lz,156.5083333,143.2555556
25/02/2024,lz,143.3588889,130.1061111
26/02/2024,lz,172.1430556,159.6936111
27/02/2024,lz,184.6894444,175.8005556
28/02/2024,lz,240.3608333,231.4719444
29/02/2024,lz,207.1911111,198.3022222
01/03/2024,lz,239.4572222,234.5772222
02/03/2024,lz,341.6325,341.6325
03/03/2024,lz,247.5655556,247.5655556
04/03/2024,lz,233.0777778,233.0777778
05/03/2024,lz,346.1311111,346.1311111
06/03/2024,lz,148.5713889,148.5713889
07/03/2024,lz,155.6030556,155.6030556
08/03/2024,lz,96.85611111,96.85611111
09/03/2024,lz,143.9561111,143.9561111
10/03/2024,lz,130.8091667,130.8091667
11/03/2024,lz,199.8897222,199.8897222
12/03/2024,lz,246.8730556,246.8730556
13/03/2024,lz,184.9844444,184.9844444
14/03/2024,lz,180.3658333,180.3658333
15/03/2024,lz,144.3844444,144.3844444
16/03/2024,lz,245.4061111,245.4061111
17/03/2024,lz,131.2302778,131.2302778
18/03/2024,lz,207.1036111,207.1036111
19/03/2024,lz,151.4952778,151.1313889
20/03/2024,lz,17.02055556,17.02055556
21/03/2024,lz,318.5241667,318.5241667
22/03/2024,lz,191.5711111,191.5711111
23/03/2024,lz,155.7533333,155.7533333
24/03/2024,lz,139.5416667,139.5416667
25/03/2024,lz,221.8366667,221.8366667
26/03/2024,lz,743.7319444,296.8577778
27/03/2024,lz,205.5922222,205.5922222
28/03/2024,lz,313.3625,313.3625
29/03/2024,lz,604.8536111,604.8536111
30/03/2024,lz,236.2788889,236.2788889
31/03/2024,lz,265.0577778,265.0577778
01/04/2024,lz,735.4602778,735.4602778
02/04/2024,lz,380.1933333,380.1933333
03/04/2024,lz,260.5994444,260.5994444
04/04/2024,lz,1169.54,1169.54
05/04/2024,lz,321.6747222,321.6747222
06/04/2024,lz,199.0561111,199.0561111
07/04/2024,lz,233.6277778,233.6277778
08/04/2024,lz,232.4844444,232.4844444
09/04/2024,lz,247.6505556,247.6505556
10/04/2024,lz,181.7819444,181.7819444
11/04/2024,lz,241.3036111,241.3036111
12/04/2024,lz,312.9352778,312.6075
13/04/2024,lz,157.4175,153.8530556
14/04/2024,lz,190.3066667,190.3066667
15/04/2024,lz,271.2988889,251.2066667
16/04/2024,lz,267.7930556,207.4491667
17/04/2024,lz,614.8130556,14.2925
18/04/2024,lz,230.8280556,230.8280556
19/04/2024,lz,256.7427778,256.7427778
20/04/2024,lz,132.0455556,132.0455556
21/04/2024,lz,152.4955556,152.4955556
22/04/2024,lz,340.6313889,340.6313889
23/04/2024,lz,299.7391667,299.7391667
24/04/2024,lz,149.6341667,149.6341667
25/04/2024,lz,313.3780556,313.3780556
26/04/2024,lz,221.2538889,221.2538889
27/04/2024,lz,151.3336111,151.3336111
28/04/2024,lz,155.335,155.335
29/04/2024,lz,275.0552778,275.0552778
30/04/2024,lz,212.8783333,212.8783333
01/05/2024,lz,101.8313889,101.8313889
02/05/2024,lz,302.6097222,302.6097222
03/05/2024,lz,344.8219444,344.8219444
04/05/2024,lz,287.1591667,287.1591667
05/05/2024,lz,205.39,205.39
06/05/2024,lz,231.9311111,231.9311111
07/05/2024,lz,299.4505556,299.4505556
08/05/2024,lz,337.1141667,337.1141667
09/05/2024,lz,685.6463889,685.6463889
10/05/2024,lz,573.8283333,573.8283333
11/05/2024,lz,151.4175,151.4175
12/05/2024,lz,156.2186111,156.2186111
13/05/2024,lz,191.6205556,191.6205556
14/05/2024,lz,244.9483333,244.9483333
15/05/2024,lz,62.56277778,62.56277778
16/05/2024,lz,289.9661111,289.9661111
17/05/2024,lz,182.6102778,182.6102778
18/05/2024,lz,242.6636111,242.6636111
19/05/2024,lz,466.6791667,466.6791667
20/05/2024,lz,368.36,368.36
21/05/2024,lz,354.225,354.225
22/05/2024,lz,329.7038889,329.7038889
23/05/2024,lz,390.4033333,390.4033333
24/05/2024,lz,515.2194444,515.2194444
25/05/2024,lz,308.7636111,308.7636111
26/05/2024,lz,448.4325,448.4325
27/05/2024,lz,310.7908333,310.7908333
28/05/2024,lz,207.7211111,207.7211111
29/05/2024,lz,383.2794444,383.2794444
30/05/2024,lz,533.2119444,533.2119444
31/05/2024,lz,568.8961111,568.8961111
01/06/2024,lz,289.9191667,289.9191667
02/06/2024,lz,387.77,387.77
03/06/2024,lz,595.0761111,595.0761111
04/06/2024,lz,624.0227778,624.0227778
05/06/2024,lz,801.9611111,801.9611111
06/06/2024,lz,501.88,501.88
07/06/2024,lz,408.29,408.29
08/06/2024,lz,350.1419444,350.1419444
09/06/2024,lz,352.9075,352.9075
10/06/2024,lz,345.5691667,345.5691667
11/06/2024,lz,253.4344444,253.4344444
12/06/2024,lz,252.81,252.81
13/06/2024,lz,190.3069444,190.3069444
14/06/2024,lz,212.3455556,212.3455556
15/06/2024,lz,136.6555556,136.6555556
16/06/2024,lz,156.8155556,156.8155556
17/06/2024,lz,236.9227778,236.9227778
18/06/2024,lz,137.3480556,137.3480556
19/06/2024,lz,197.9072222,197.9072222
20/06/2024,lz,248.4808333,248.4808333
21/06/2024,lz,102.8572222,102.8572222
22/06/2024,lz,144.3447222,144.3447222
23/06/2024,lz,160.7936111,160.7936111
24/06/2024,lz,623.9541667,172.4158333
25/06/2024,lz,170.4919444,170.4919444
26/06/2024,lz,102.8472222,102.8472222
27/06/2024,lz,364.4413889,364.4413889
28/06/2024,lz,84.78722222,84.78722222
29/06/2024,lz,66.44666667,66.44666667
30/06/2024,lz,42.86972222,42.86972222
01/07/2024,lz,550.4263889,550.4263889
02/07/2024,lz,368.0347222,368.0347222
03/07/2024,lz,490.2052778,490.2052778
04/07/2024,lz,198.2397222,198.2397222
05/07/2024,lz,55.36777778,55.36777778
06/07/2024,lz,46.385,46.385
07/07/2024,lz,107.1438889,107.1438889
08/07/2024,lz,376.8813889,379.0886111
09/07/2024,lz,187.4097222,187.4097222
10/07/2024,lz,562.0972222,562.0972222
11/07/2024,lz,83.16222222,83.16222222
12/07/2024,lz,152.3127778,152.3127778
13/07/2024,lz,160.8533333,160.8533333
14/07/2024,lz,270.2069444,270.2069444
15/07/2024,lz,131.7022222,131.7022222
16/07/2024,lz,550.5211111,198.6888889
17/07/2024,lz,273.4777778,273.4777778
18/07/2024,lz,251.5233333,213.7777778
19/07/2024,lz,71.71194444,71.71194444
20/07/2024,lz,199.3430556,199.3430556
21/07/2024,lz,282.6238889,282.6238889
22/07/2024,lz,204.0236111,204.0236111
23/07/2024,lz,1672.810833,1672.810833
